time_s,packet_hex,raw_le24
0.003426,02 62 0C 00 80 AA,3170
0.023064,02 62 0C 00 80 AA,3170
0.042762,02 62 0C 00 80 AA,3170
0.062707,02 62 0C 00 80 AA,3170
0.082582,02 63 0C 00 80 AA,3171
0.102362,02 63 0C 00 80 AA,3171
0.122117,02 64 0C 00 80 AA,3172
0.141827,02 64 0C 00 80 AA,3172
0.161656,02 65 0C 00 80 AA,3173
0.181419,02 66 0C 00 80 AA,3174
0.201125,02 67 0C 00 80 AA,3175
0.220855,02 68 0C 00 80 AA,3176
0.240643,02 68 0C 00 80 AA,3176
0.260369,02 68 0C 00 80 AA,3176
0.280073,02 68 0C 00 80 AA,3176
0.299725,02 68 0C 00 80 AA,3176
0.319586,02 68 0C 00 80 AA,3176
0.339464,02 68 0C 00 80 AA,3176
0.359361,02 68 0C 00 80 AA,3176
0.379269,02 68 0C 00 80 AA,3176
0.399181,02 67 0C 00 80 AA,3175
0.419016,02 66 0C 00 80 AA,3174
0.438989,02 65 0C 00 80 AA,3173
0.458662,02 64 0C 00 80 AA,3172
0.478355,02 63 0C 00 80 AA,3171
0.498057,02 62 0C 00 80 AA,3170
0.517744,02 61 0C 00 80 AA,3169
0.537439,02 61 0C 00 80 AA,3169
0.557125,02 61 0C 00 80 AA,3169
0.576866,02 61 0C 00 80 AA,3169
0.596693,02 61 0C 00 80 AA,3169
0.616494,02 61 0C 00 80 AA,3169
0.636281,02 60 0C 00 80 AA,3168
0.656103,02 5F 0C 00 80 AA,3167
0.675917,02 5E 0C 00 80 AA,3166
0.695817,02 5C 0C 00 80 AA,3164
0.715779,02 5A 0C 00 80 AA,3162
0.735724,02 58 0C 00 80 AA,3160
0.755647,02 56 0C 00 80 AA,3158
0.775493,02 54 0C 00 80 AA,3156
0.795401,02 51 0C 00 80 AA,3153
0.815386,02 4F 0C 00 80 AA,3151
0.835404,02 4D 0C 00 80 AA,3149
0.855071,02 4B 0C 00 80 AA,3147
0.874727,02 49 0C 00 80 AA,3145
0.894445,02 47 0C 00 80 AA,3143
0.914149,02 46 0C 00 80 AA,3142
0.933829,02 45 0C 00 80 AA,3141
0.953581,02 44 0C 00 80 AA,3140
0.973393,02 43 0C 00 80 AA,3139
0.993155,02 42 0C 00 80 AA,3138
1.012846,02 42 0C 00 80 AA,3138
1.032562,02 41 0C 00 80 AA,3137
1.052308,02 41 0C 00 80 AA,3137
1.072150,02 40 0C 00 80 AA,3136
1.092075,02 3F 0C 00 80 AA,3135
1.111999,02 3E 0C 00 80 AA,3134
1.131681,02 3D 0C 00 80 AA,3133
1.151377,02 3C 0C 00 80 AA,3132
1.171137,02 3B 0C 00 80 AA,3131
1.191003,02 3A 0C 00 80 AA,3130
1.211029,02 39 0C 00 80 AA,3129
1.231050,02 38 0C 00 80 AA,3128
1.251076,02 37 0C 00 80 AA,3127
1.271097,02 36 0C 00 80 AA,3126
1.291074,02 36 0C 00 80 AA,3126
1.310825,02 36 0C 00 80 AA,3126
1.330546,02 36 0C 00 80 AA,3126
1.350278,02 36 0C 00 80 AA,3126
1.370168,02 36 0C 00 80 AA,3126
1.390062,02 36 0C 00 80 AA,3126
1.409928,02 36 0C 00 80 AA,3126
1.429613,02 36 0C 00 80 AA,3126
1.449417,02 36 0C 00 80 AA,3126
1.469255,02 36 0C 00 80 AA,3126
1.489036,02 36 0C 00 80 AA,3126
1.508831,02 36 0C 00 80 AA,3126
1.528601,02 36 0C 00 80 AA,3126
1.548321,02 36 0C 00 80 AA,3126
1.568136,02 36 0C 00 80 AA,3126
1.587810,02 36 0C 00 80 AA,3126
1.607492,02 36 0C 00 80 AA,3126
1.627147,02 36 0C 00 80 AA,3126
1.647193,02 36 0C 00 80 AA,3126
1.667167,02 36 0C 00 80 AA,3126
1.687073,02 36 0C 00 80 AA,3126
1.707025,02 36 0C 00 80 AA,3126
1.726956,02 36 0C 00 80 AA,3126
1.746912,02 37 0C 00 80 AA,3127
1.766823,02 38 0C 00 80 AA,3128
1.786624,02 3A 0C 00 80 AA,3130
1.806340,02 3C 0C 00 80 AA,3132
1.826118,02 3E 0C 00 80 AA,3134
1.845905,02 40 0C 00 80 AA,3136
1.865727,02 42 0C 00 80 AA,3138
1.885478,02 44 0C 00 80 AA,3140
1.905188,02 46 0C 00 80 AA,3142
1.924945,02 48 0C 00 80 AA,3144
1.944611,02 4A 0C 00 80 AA,3146
1.964303,02 4B 0C 00 80 AA,3147
1.984000,02 4C 0C 00 80 AA,3148
2.003718,02 4D 0C 00 80 AA,3149
2.023467,02 4E 0C 00 80 AA,3150
2.043437,02 4F 0C 00 80 AA,3151
2.063387,02 50 0C 00 80 AA,3152
2.083353,02 51 0C 00 80 AA,3153
2.103326,02 52 0C 00 80 AA,3154
2.123211,02 53 0C 00 80 AA,3155
2.143069,02 55 0C 00 80 AA,3157
2.162786,02 56 0C 00 80 AA,3158
2.182568,02 58 0C 00 80 AA,3160
2.202390,02 5A 0C 00 80 AA,3162
2.222297,02 5C 0C 00 80 AA,3164
2.242077,02 5E 0C 00 80 AA,3166
2.261791,02 60 0C 00 80 AA,3168
2.281541,02 62 0C 00 80 AA,3170
2.301240,02 63 0C 00 80 AA,3171
2.320949,02 64 0C 00 80 AA,3172
2.340655,02 65 0C 00 80 AA,3173
2.360340,02 66 0C 00 80 AA,3174
2.380100,02 67 0C 00 80 AA,3175
2.399978,02 67 0C 00 80 AA,3175
2.419892,02 67 0C 00 80 AA,3175
2.439745,02 67 0C 00 80 AA,3175
2.459706,02 67 0C 00 80 AA,3175
2.479611,02 67 0C 00 80 AA,3175
2.499394,02 67 0C 00 80 AA,3175
2.519084,02 67 0C 00 80 AA,3175
2.538798,02 67 0C 00 80 AA,3175
2.558478,02 67 0C 00 80 AA,3175
2.578145,02 67 0C 00 80 AA,3175
2.597833,02 67 0C 00 80 AA,3175
2.617622,02 67 0C 00 80 AA,3175
2.637431,02 67 0C 00 80 AA,3175
2.657255,02 67 0C 00 80 AA,3175
2.677110,02 67 0C 00 80 AA,3175
2.696904,02 67 0C 00 80 AA,3175
2.716652,02 67 0C 00 80 AA,3175
2.736573,02 67 0C 00 80 AA,3175
2.756491,02 66 0C 00 80 AA,3174
2.776443,02 65 0C 00 80 AA,3173
2.796402,02 64 0C 00 80 AA,3172
2.816343,02 63 0C 00 80 AA,3171
2.836152,02 62 0C 00 80 AA,3170
2.855800,02 61 0C 00 80 AA,3169
2.875489,02 60 0C 00 80 AA,3168
2.895211,02 5F 0C 00 80 AA,3167
2.914939,02 5E 0C 00 80 AA,3166
2.934671,02 5D 0C 00 80 AA,3165
2.954366,02 5C 0C 00 80 AA,3164
2.974123,02 5B 0C 00 80 AA,3163
2.993962,02 5A 0C 00 80 AA,3162
3.013834,02 59 0C 00 80 AA,3161
3.033693,02 58 0C 00 80 AA,3160
3.053546,02 57 0C 00 80 AA,3159
3.073315,02 55 0C 00 80 AA,3157
3.093173,02 53 0C 00 80 AA,3155
3.113098,02 51 0C 00 80 AA,3153
3.133091,02 4F 0C 00 80 AA,3151
3.153075,02 4D 0C 00 80 AA,3149
3.173035,02 4B 0C 00 80 AA,3147
3.192953,02 49 0C 00 80 AA,3145
3.212842,02 48 0C 00 80 AA,3144
3.232514,02 47 0C 00 80 AA,3143
3.252181,02 46 0C 00 80 AA,3142
3.271892,02 45 0C 00 80 AA,3141
3.291585,02 44 0C 00 80 AA,3140
3.311226,02 43 0C 00 80 AA,3139
3.330925,02 42 0C 00 80 AA,3138
3.350612,02 41 0C 00 80 AA,3137
3.370391,02 41 0C 00 80 AA,3137
3.390252,02 41 0C 00 80 AA,3137
3.410095,02 40 0C 00 80 AA,3136
3.429807,02 40 0C 00 80 AA,3136
3.449520,02 3F 0C 00 80 AA,3135
3.469253,02 3F 0C 00 80 AA,3135
3.489048,02 3E 0C 00 80 AA,3134
3.508968,02 3D 0C 00 80 AA,3133
3.528940,02 3C 0C 00 80 AA,3132
3.548618,02 3B 0C 00 80 AA,3131
3.568303,02 3A 0C 00 80 AA,3130
3.588049,02 39 0C 00 80 AA,3129
3.607922,02 38 0C 00 80 AA,3128
3.627623,02 38 0C 00 80 AA,3128
3.647333,02 37 0C 00 80 AA,3127
3.667305,02 37 0C 00 80 AA,3127
3.687282,02 37 0C 00 80 AA,3127
3.707219,02 37 0C 00 80 AA,3127
3.726974,02 37 0C 00 80 AA,3127
3.746732,02 37 0C 00 80 AA,3127
3.766494,02 37 0C 00 80 AA,3127
3.786305,02 37 0C 00 80 AA,3127
3.806160,02 37 0C 00 80 AA,3127
3.826006,02 37 0C 00 80 AA,3127
3.845727,02 37 0C 00 80 AA,3127
3.865464,02 37 0C 00 80 AA,3127
3.885254,02 37 0C 00 80 AA,3127
3.905013,02 37 0C 00 80 AA,3127
3.924742,02 37 0C 00 80 AA,3127
3.944490,02 37 0C 00 80 AA,3127
3.964187,02 37 0C 00 80 AA,3127
3.983975,02 37 0C 00 80 AA,3127
4.003646,02 37 0C 00 80 AA,3127
4.023661,02 37 0C 00 80 AA,3127
4.043692,02 37 0C 00 80 AA,3127
4.063679,02 38 0C 00 80 AA,3128
4.083601,02 39 0C 00 80 AA,3129
4.103443,02 3A 0C 00 80 AA,3130
4.123342,02 3B 0C 00 80 AA,3131
4.143250,02 3C 0C 00 80 AA,3132
4.163158,02 3E 0C 00 80 AA,3134
4.182979,02 40 0C 00 80 AA,3136
4.202747,02 42 0C 00 80 AA,3138
4.222443,02 44 0C 00 80 AA,3140
4.242202,02 46 0C 00 80 AA,3142
4.262005,02 48 0C 00 80 AA,3144
4.281811,02 4A 0C 00 80 AA,3146
4.301524,02 4C 0C 00 80 AA,3148
4.321268,02 4E 0C 00 80 AA,3150
4.341058,02 4F 0C 00 80 AA,3151
4.360763,02 50 0C 00 80 AA,3152
4.380433,02 51 0C 00 80 AA,3153
4.400115,02 52 0C 00 80 AA,3154
4.420094,02 53 0C 00 80 AA,3155
4.440022,02 54 0C 00 80 AA,3156
4.459907,02 55 0C 00 80 AA,3157
4.479813,02 56 0C 00 80 AA,3158
4.499776,02 58 0C 00 80 AA,3160
4.519729,02 5A 0C 00 80 AA,3162
4.539589,02 5C 0C 00 80 AA,3164
4.559318,02 5E 0C 00 80 AA,3166
4.579031,02 60 0C 00 80 AA,3168
4.598720,02 62 0C 00 80 AA,3170
4.618503,02 64 0C 00 80 AA,3172
4.638259,02 66 0C 00 80 AA,3174
4.657933,02 67 0C 00 80 AA,3175
4.677662,02 68 0C 00 80 AA,3176
4.697503,02 69 0C 00 80 AA,3177
4.717318,02 6A 0C 00 80 AA,3178
4.737104,02 6A 0C 00 80 AA,3178
4.756824,02 6A 0C 00 80 AA,3178
4.776583,02 6A 0C 00 80 AA,3178
4.796404,02 6A 0C 00 80 AA,3178
4.816139,02 6A 0C 00 80 AA,3178
4.835894,02 6A 0C 00 80 AA,3178
4.855612,02 6A 0C 00 80 AA,3178
4.875369,02 6A 0C 00 80 AA,3178
4.895121,02 6A 0C 00 80 AA,3178
4.914851,02 6A 0C 00 80 AA,3178
4.934609,02 6A 0C 00 80 AA,3178
4.954384,02 6A 0C 00 80 AA,3178
4.974189,02 6A 0C 00 80 AA,3178
4.993934,02 6A 0C 00 80 AA,3178
5.013637,02 6A 0C 00 80 AA,3178
5.033464,02 6A 0C 00 80 AA,3178
5.053331,02 69 0C 00 80 AA,3177
5.073228,02 68 0C 00 80 AA,3176
5.093120,02 67 0C 00 80 AA,3175
5.113009,02 65 0C 00 80 AA,3173
5.132859,02 63 0C 00 80 AA,3171
5.152781,02 61 0C 00 80 AA,3169
5.172770,02 5F 0C 00 80 AA,3167
5.192778,02 5D 0C 00 80 AA,3165
5.212498,02 5B 0C 00 80 AA,3163
5.232258,02 59 0C 00 80 AA,3161
5.252046,02 58 0C 00 80 AA,3160
5.271721,02 57 0C 00 80 AA,3159
5.291455,02 56 0C 00 80 AA,3158
5.311218,02 55 0C 00 80 AA,3157
5.330993,02 54 0C 00 80 AA,3156
5.350739,02 53 0C 00 80 AA,3155
5.370455,02 53 0C 00 80 AA,3155
5.390200,02 52 0C 00 80 AA,3154
5.410053,02 51 0C 00 80 AA,3153
5.429957,02 50 0C 00 80 AA,3152
5.449868,02 4F 0C 00 80 AA,3151
5.469764,02 4E 0C 00 80 AA,3150
5.489590,02 4C 0C 00 80 AA,3148
5.509418,02 4A 0C 00 80 AA,3146
5.529315,02 48 0C 00 80 AA,3144
5.549313,02 46 0C 00 80 AA,3142
5.569346,02 44 0C 00 80 AA,3140
5.589347,02 43 0C 00 80 AA,3139
5.609120,02 42 0C 00 80 AA,3138
5.628911,02 41 0C 00 80 AA,3137
5.648575,02 40 0C 00 80 AA,3136
5.668306,02 3F 0C 00 80 AA,3135
5.688090,02 3E 0C 00 80 AA,3134
5.707878,02 3D 0C 00 80 AA,3133
5.727651,02 3D 0C 00 80 AA,3133
5.747382,02 3D 0C 00 80 AA,3133
5.767118,02 3D 0C 00 80 AA,3133
5.786892,02 3D 0C 00 80 AA,3133
5.806770,02 3D 0C 00 80 AA,3133
5.826639,02 3C 0C 00 80 AA,3132
5.846368,02 3C 0C 00 80 AA,3132
5.866088,02 3C 0C 00 80 AA,3132
5.885764,02 3B 0C 00 80 AA,3131
5.905556,02 3B 0C 00 80 AA,3131
5.925506,02 3A 0C 00 80 AA,3130
5.945485,02 39 0C 00 80 AA,3129
5.965179,02 38 0C 00 80 AA,3128
5.984856,02 38 0C 00 80 AA,3128
6.004866,02 37 0C 00 80 AA,3127
6.024729,02 37 0C 00 80 AA,3127
6.044407,02 37 0C 00 80 AA,3127
6.064129,02 37 0C 00 80 AA,3127
6.084028,02 37 0C 00 80 AA,3127
6.103959,02 37 0C 00 80 AA,3127
6.123882,02 37 0C 00 80 AA,3127
6.143660,02 37 0C 00 80 AA,3127
6.163383,02 37 0C 00 80 AA,3127
6.183246,02 37 0C 00 80 AA,3127
6.203082,02 37 0C 00 80 AA,3127
6.222885,02 38 0C 00 80 AA,3128
6.242708,02 39 0C 00 80 AA,3129
6.262464,02 3A 0C 00 80 AA,3130
6.282165,02 3A 0C 00 80 AA,3130
6.301899,02 3B 0C 00 80 AA,3131
6.321603,02 3B 0C 00 80 AA,3131
6.341334,02 3B 0C 00 80 AA,3131
6.361048,02 3C 0C 00 80 AA,3132
6.380800,02 3C 0C 00 80 AA,3132
6.400738,02 3C 0C 00 80 AA,3132
6.420736,02 3D 0C 00 80 AA,3133
6.440698,02 3E 0C 00 80 AA,3134
6.460667,02 3F 0C 00 80 AA,3135
6.480618,02 40 0C 00 80 AA,3136
6.500458,02 41 0C 00 80 AA,3137
6.520210,02 43 0C 00 80 AA,3139
6.540009,02 45 0C 00 80 AA,3141
6.559820,02 47 0C 00 80 AA,3143
6.579644,02 4A 0C 00 80 AA,3146
6.599432,02 4D 0C 00 80 AA,3149
6.619124,02 4F 0C 00 80 AA,3151
6.638877,02 51 0C 00 80 AA,3153
6.658551,02 53 0C 00 80 AA,3155
6.678292,02 55 0C 00 80 AA,3157
6.698038,02 57 0C 00 80 AA,3159
6.717755,02 59 0C 00 80 AA,3161
6.737524,02 5A 0C 00 80 AA,3162
6.757295,02 5B 0C 00 80 AA,3163
6.777006,02 5B 0C 00 80 AA,3163
6.797009,02 5B 0C 00 80 AA,3163
6.817011,02 5C 0C 00 80 AA,3164
6.836941,02 5D 0C 00 80 AA,3165
6.856794,02 5E 0C 00 80 AA,3166
6.876545,02 5F 0C 00 80 AA,3167
6.896274,02 60 0C 00 80 AA,3168
6.916094,02 61 0C 00 80 AA,3169
6.935912,02 62 0C 00 80 AA,3170
6.955674,02 63 0C 00 80 AA,3171
6.975344,02 64 0C 00 80 AA,3172
6.995153,02 65 0C 00 80 AA,3173
7.014903,02 66 0C 00 80 AA,3174
7.034590,02 67 0C 00 80 AA,3175
7.054283,02 67 0C 00 80 AA,3175
7.073948,02 67 0C 00 80 AA,3175
7.093674,02 67 0C 00 80 AA,3175
7.113548,02 67 0C 00 80 AA,3175
7.133471,02 67 0C 00 80 AA,3175
7.153321,02 67 0C 00 80 AA,3175
7.173121,02 67 0C 00 80 AA,3175
7.193032,02 67 0C 00 80 AA,3175
7.212726,02 67 0C 00 80 AA,3175
7.232397,02 67 0C 00 80 AA,3175
7.252087,02 67 0C 00 80 AA,3175
7.271796,02 67 0C 00 80 AA,3175
7.291490,02 67 0C 00 80 AA,3175
7.311155,02 67 0C 00 80 AA,3175
7.330915,02 67 0C 00 80 AA,3175
7.350705,02 67 0C 00 80 AA,3175
7.370535,02 67 0C 00 80 AA,3175
7.390371,02 67 0C 00 80 AA,3175
7.410163,02 66 0C 00 80 AA,3174
7.429939,02 65 0C 00 80 AA,3173
7.449810,02 64 0C 00 80 AA,3172
7.469728,02 63 0C 00 80 AA,3171
7.489678,02 62 0C 00 80 AA,3170
7.509620,02 60 0C 00 80 AA,3168
7.529559,02 5E 0C 00 80 AA,3166
7.549435,02 5C 0C 00 80 AA,3164
7.569379,02 5A 0C 00 80 AA,3162
7.589039,02 58 0C 00 80 AA,3160
7.608738,02 57 0C 00 80 AA,3159
7.628423,02 56 0C 00 80 AA,3158
7.648131,02 55 0C 00 80 AA,3157
7.667824,02 54 0C 00 80 AA,3156
7.687513,02 53 0C 00 80 AA,3155
7.707276,02 52 0C 00 80 AA,3154
7.727106,02 51 0C 00 80 AA,3153
7.746936,02 51 0C 00 80 AA,3153
7.766756,02 50 0C 00 80 AA,3152
7.786460,02 4F 0C 00 80 AA,3151
7.806222,02 4E 0C 00 80 AA,3150
7.826060,02 4D 0C 00 80 AA,3149
7.846005,02 4B 0C 00 80 AA,3147
7.865971,02 49 0C 00 80 AA,3145
7.885907,02 47 0C 00 80 AA,3143
7.905639,02 45 0C 00 80 AA,3141
7.925447,02 43 0C 00 80 AA,3139
7.945386,02 41 0C 00 80 AA,3137
7.965429,02 40 0C 00 80 AA,3136
7.985150,02 3F 0C 00 80 AA,3135
8.004819,02 3E 0C 00 80 AA,3134
8.024740,02 3D 0C 00 80 AA,3133
8.044709,02 3C 0C 00 80 AA,3132
8.064448,02 3C 0C 00 80 AA,3132
8.084194,02 3C 0C 00 80 AA,3132
8.103967,02 3C 0C 00 80 AA,3132
8.123719,02 3C 0C 00 80 AA,3132
8.143528,02 3C 0C 00 80 AA,3132
8.163360,02 3C 0C 00 80 AA,3132
8.183121,02 3C 0C 00 80 AA,3132
8.202903,02 3C 0C 00 80 AA,3132
8.222755,02 3C 0C 00 80 AA,3132
8.242702,02 3B 0C 00 80 AA,3131
8.262412,02 3A 0C 00 80 AA,3130
8.282181,02 3A 0C 00 80 AA,3130
8.301928,02 39 0C 00 80 AA,3129
8.321750,02 38 0C 00 80 AA,3128
8.341696,02 37 0C 00 80 AA,3127
8.361386,02 36 0C 00 80 AA,3126
8.381427,02 36 0C 00 80 AA,3126
8.401431,02 36 0C 00 80 AA,3126
8.421440,02 36 0C 00 80 AA,3126
8.441382,02 36 0C 00 80 AA,3126
8.461175,02 36 0C 00 80 AA,3126
8.480878,02 36 0C 00 80 AA,3126
8.500743,02 36 0C 00 80 AA,3126
8.520650,02 36 0C 00 80 AA,3126
8.540462,02 36 0C 00 80 AA,3126
8.560206,02 37 0C 00 80 AA,3127
8.579948,02 38 0C 00 80 AA,3128
8.599695,02 39 0C 00 80 AA,3129
8.619473,02 39 0C 00 80 AA,3129
8.639260,02 39 0C 00 80 AA,3129
8.659049,02 3A 0C 00 80 AA,3130
8.678734,02 3A 0C 00 80 AA,3130
8.698488,02 3A 0C 00 80 AA,3130
8.718175,02 3A 0C 00 80 AA,3130
8.737839,02 3A 0C 00 80 AA,3130
8.757551,02 3A 0C 00 80 AA,3130
8.777572,02 3B 0C 00 80 AA,3131
8.797521,02 3C 0C 00 80 AA,3132
8.817362,02 3D 0C 00 80 AA,3133
8.837251,02 3E 0C 00 80 AA,3134
8.857152,02 40 0C 00 80 AA,3136
8.877091,02 42 0C 00 80 AA,3138
8.896972,02 44 0C 00 80 AA,3140
8.916777,02 46 0C 00 80 AA,3142
8.936493,02 49 0C 00 80 AA,3145
8.956311,02 4C 0C 00 80 AA,3148
8.976155,02 4F 0C 00 80 AA,3151
8.995998,02 51 0C 00 80 AA,3153
9.015782,02 53 0C 00 80 AA,3155
9.035510,02 55 0C 00 80 AA,3157
9.055242,02 57 0C 00 80 AA,3159
9.074899,02 59 0C 00 80 AA,3161
9.094608,02 5A 0C 00 80 AA,3162
9.114306,02 5B 0C 00 80 AA,3163
9.133982,02 5C 0C 00 80 AA,3164
9.153738,02 5D 0C 00 80 AA,3165
9.173619,02 5E 0C 00 80 AA,3166
9.193512,02 5F 0C 00 80 AA,3167
9.213442,02 60 0C 00 80 AA,3168
9.233367,02 61 0C 00 80 AA,3169
9.253218,02 62 0C 00 80 AA,3170
9.272953,02 63 0C 00 80 AA,3171
9.292690,02 64 0C 00 80 AA,3172
9.312365,02 65 0C 00 80 AA,3173
9.332067,02 66 0C 00 80 AA,3174
9.351812,02 67 0C 00 80 AA,3175
9.371485,02 68 0C 00 80 AA,3176
9.391275,02 69 0C 00 80 AA,3177
9.411062,02 69 0C 00 80 AA,3177
9.430890,02 69 0C 00 80 AA,3177
9.450681,02 69 0C 00 80 AA,3177
9.470414,02 69 0C 00 80 AA,3177
9.490134,02 69 0C 00 80 AA,3177
9.510027,02 69 0C 00 80 AA,3177
9.529944,02 69 0C 00 80 AA,3177
9.549915,02 68 0C 00 80 AA,3176
9.569706,02 67 0C 00 80 AA,3175
9.589532,02 66 0C 00 80 AA,3174
9.609331,02 65 0C 00 80 AA,3173
9.629023,02 65 0C 00 80 AA,3173
9.648715,02 64 0C 00 80 AA,3172
9.668460,02 64 0C 00 80 AA,3172
9.688178,02 63 0C 00 80 AA,3171
9.707883,02 63 0C 00 80 AA,3171
9.727533,02 63 0C 00 80 AA,3171
9.747275,02 63 0C 00 80 AA,3171
9.767083,02 62 0C 00 80 AA,3170
9.786928,02 61 0C 00 80 AA,3169
9.806779,02 60 0C 00 80 AA,3168
9.826603,02 5F 0C 00 80 AA,3167
9.846442,02 5D 0C 00 80 AA,3165
9.866381,02 5B 0C 00 80 AA,3163
9.886358,02 59 0C 00 80 AA,3161
9.906365,02 57 0C 00 80 AA,3159
9.926338,02 55 0C 00 80 AA,3157
9.946296,02 53 0C 00 80 AA,3155
9.966094,02 51 0C 00 80 AA,3153
9.985785,02 50 0C 00 80 AA,3152
